{
	"partitions" : [
		{
			"name" : "Top",
			"pins" : [
				{
					"name" : "GPIO_0_LT24_D[0]",
					"strict" : false
				},
				{
					"name" : "GPIO_0_LT24_D[1]",
					"strict" : false
				},
				{
					"name" : "GPIO_0_LT24_D[2]",
					"strict" : false
				},
				{
					"name" : "GPIO_0_LT24_D[3]",
					"strict" : false
				},
				{
					"name" : "GPIO_0_LT24_D[4]",
					"strict" : false
				},
				{
					"name" : "GPIO_0_LT24_D[5]",
					"strict" : false
				},
				{
					"name" : "GPIO_0_LT24_D[6]",
					"strict" : false
				},
				{
					"name" : "GPIO_0_LT24_D[7]",
					"strict" : false
				},
				{
					"name" : "GPIO_0_LT24_D[8]",
					"strict" : false
				},
				{
					"name" : "GPIO_0_LT24_D[9]",
					"strict" : false
				},
				{
					"name" : "GPIO_0_LT24_D[10]",
					"strict" : false
				},
				{
					"name" : "GPIO_0_LT24_D[11]",
					"strict" : false
				},
				{
					"name" : "GPIO_0_LT24_D[12]",
					"strict" : false
				},
				{
					"name" : "GPIO_0_LT24_D[13]",
					"strict" : false
				},
				{
					"name" : "GPIO_0_LT24_D[14]",
					"strict" : false
				},
				{
					"name" : "GPIO_0_LT24_D[15]",
					"strict" : false
				},
				{
					"name" : "GPIO_0_LT24_RESET_N",
					"strict" : false
				},
				{
					"name" : "GPIO_0_LT24_RS",
					"strict" : false
				},
				{
					"name" : "GPIO_0_LT24_WR_N",
					"strict" : false
				},
				{
					"name" : "GPIO_1_D5M_RESET_N",
					"strict" : false
				},
				{
					"name" : "GPIO_1_D5M_XCLKIN",
					"strict" : false
				},
				{
					"name" : "GPIO_1_D5M_SCLK",
					"strict" : false
				},
				{
					"name" : "GPIO_1_D5M_SDATA",
					"strict" : false
				},
				{
					"name" : "FPGA_CLK1_50",
					"strict" : false
				},
				{
					"name" : "GPIO_1_D5M_PIXCLK",
					"strict" : false
				},
				{
					"name" : "GPIO_1_D5M_FVAL",
					"strict" : false
				},
				{
					"name" : "GPIO_1_D5M_LVAL",
					"strict" : false
				},
				{
					"name" : "GPIO_1_D5M_D[10]",
					"strict" : false
				},
				{
					"name" : "GPIO_1_D5M_D[11]",
					"strict" : false
				},
				{
					"name" : "GPIO_1_D5M_D[7]",
					"strict" : false
				},
				{
					"name" : "GPIO_1_D5M_D[8]",
					"strict" : false
				},
				{
					"name" : "GPIO_1_D5M_D[9]",
					"strict" : false
				},
				{
					"name" : "GPIO_1_D5M_D[6]",
					"strict" : false
				}
			]
		}
	]
}