{
	"partitions" : [
		{
			"name" : "Top",
			"pins" : [
				{
					"name" : "LED[0]",
					"strict" : false
				},
				{
					"name" : "LED[1]",
					"strict" : false
				},
				{
					"name" : "LED[2]",
					"strict" : false
				},
				{
					"name" : "LED[3]",
					"strict" : false
				},
				{
					"name" : "LED[4]",
					"strict" : false
				},
				{
					"name" : "LED[5]",
					"strict" : false
				},
				{
					"name" : "LED[6]",
					"strict" : false
				},
				{
					"name" : "LED[7]",
					"strict" : false
				},
				{
					"name" : "GPIO_1_D5M_RESET_N",
					"strict" : false
				},
				{
					"name" : "GPIO_1_D5M_XCLKIN",
					"strict" : false
				},
				{
					"name" : "GPIO_1_D5M_SCLK",
					"strict" : false
				},
				{
					"name" : "GPIO_1_D5M_SDATA",
					"strict" : false
				},
				{
					"name" : "FPGA_CLK1_50",
					"strict" : false
				},
				{
					"name" : "KEY_N[0]",
					"strict" : false
				},
				{
					"name" : "GPIO_1_D5M_PIXCLK",
					"strict" : false
				},
				{
					"name" : "GPIO_1_D5M_FVAL",
					"strict" : false
				},
				{
					"name" : "GPIO_1_D5M_LVAL",
					"strict" : false
				},
				{
					"name" : "GPIO_1_D5M_D[6]",
					"strict" : false
				},
				{
					"name" : "GPIO_1_D5M_D[7]",
					"strict" : false
				},
				{
					"name" : "GPIO_1_D5M_D[8]",
					"strict" : false
				},
				{
					"name" : "GPIO_1_D5M_D[9]",
					"strict" : false
				},
				{
					"name" : "GPIO_1_D5M_D[10]",
					"strict" : false
				},
				{
					"name" : "GPIO_1_D5M_D[11]",
					"strict" : false
				}
			]
		}
	]
}